{
    "galaxy": {
        "stars": {
            "starName1": {
                "planets": {
                    "planetName1": {
                        "attr": 3,
                        "attr2": 4
                    },
                    "planetName2": {
                        "attr": 3,
                        "attr2": 4
                    }
                },
                "attr1": 1,
                "attr2": 2
            },
            "starName2": {
                "planets": {
                    "planetName1": {
                        "attr": 3,
                        "attr2": 4
                    },
                    "planetName2": {
                        "attr": 3,
                        "attr2": 4
                    }
                },
                "attr1": 1,
                "attr2": 2
            }
        },
        "attr1": 1,
        "attr2": 2
    },
    "player": {
        "attr1": 1,
        "attr2": 2
    }
}