{
	"textures": [
		{
			"image": "mediumPlanetAtlas.png",
			"format": "RGBA8888",
			"size": {
				"w": 200,
				"h": 40
			},
			"scale": 1,
			"frames": [
				{
					"filename": "mediumPlanets-0.png",
					"rotated": false,
					"trimmed": true,
					"sourceSize": {
						"w": 40,
						"h": 40
					},
					"spriteSourceSize": {
						"x": 1,
						"y": 1,
						"w": 38,
						"h": 38
					},
					"frame": {
						"x": 1,
						"y": 1,
						"w": 38,
						"h": 38
					}
				},
				{
					"filename": "mediumPlanets-1.png",
					"rotated": false,
					"trimmed": true,
					"sourceSize": {
						"w": 40,
						"h": 40
					},
					"spriteSourceSize": {
						"x": 1,
						"y": 1,
						"w": 38,
						"h": 38
					},
					"frame": {
						"x": 41,
						"y": 1,
						"w": 38,
						"h": 38
					}
				},
				{
					"filename": "mediumPlanets-2.png",
					"rotated": false,
					"trimmed": true,
					"sourceSize": {
						"w": 40,
						"h": 40
					},
					"spriteSourceSize": {
						"x": 1,
						"y": 1,
						"w": 38,
						"h": 38
					},
					"frame": {
						"x": 81,
						"y": 1,
						"w": 38,
						"h": 38
					}
				},
				{
					"filename": "mediumPlanets-3.png",
					"rotated": false,
					"trimmed": true,
					"sourceSize": {
						"w": 40,
						"h": 40
					},
					"spriteSourceSize": {
						"x": 1,
						"y": 1,
						"w": 38,
						"h": 38
					},
					"frame": {
						"x": 121,
						"y": 1,
						"w": 38,
						"h": 38
					}
				},
				{
					"filename": "mediumPlanets-4.png",
					"rotated": false,
					"trimmed": true,
					"sourceSize": {
						"w": 40,
						"h": 40
					},
					"spriteSourceSize": {
						"x": 1,
						"y": 1,
						"w": 38,
						"h": 38
					},
					"frame": {
						"x": 161,
						"y": 1,
						"w": 38,
						"h": 38
					}
				}
			]
		}
	],
	"meta": {
		"app": "https://www.codeandweb.com/texturepacker",
		"version": "3.0",
		"smartupdate": "$TexturePacker:SmartUpdate:e6bb35ca7d39cee62e0a9edb83ecd5ac:102a901133d0f179ce3be15f76de289a:46055ce0c1ef6f4edfb7858550df5b93$"
	}
}
