{
    "name": "Johnston J-Beam",
    "description": "The Johnston j-beam is small, but packs a punch. It was originally intended for vaporizing protestors from the balcony of Queen Alexandria's bedroom, but when she complained about the carriage sized craters it left in the courtyard, the J-Beam found it's home mounted on the bows of astonautic ships.",
    "mounting": "turret",
    "damageType": "energy",
    "damage": 1000,
    "range": 5,
    "timeInvestment": 4000,
    "coolDown": 8000,
    "delay": 3000,
    "skills": "energy"
}