{
    "name": "Whistler",
    "description": "The whistler was named after the eerie whistling sound emitted when the first of these cannons was tested. However, when fired in conjunction with an entire broadside array, the shrieking noise is earsplitting. Pirates will frequently use a whistler to fire a warning shot to alert merchants of their presence.",
    "mounting": "broadside",
    "damageType": "kinetic",
    "damage": 750,
    "range": 3,
    "timeInvestment": 4000,
    "coolDown": 8000,
    "delay": 3000,
    "skills": "kinetic"
}